connect erick_usuarios@usuarios;
SET DEFINE OFF;

INSERT INTO PLAN (CLAVE, FECHA_INICIO, COSTO, DESCRIPCION) VALUES ('BASICO', TO_DATE('20-09-2022', 'DD-MM-YYYY'), 99.0, 'Plan Básico (1 Pantalla)');
INSERT INTO PLAN_HISTORICO (COSTO, FECHA_INICIO, FECHA_FIN, PLAN_ID) VALUES (79.0, TO_DATE('20-09-2022', 'DD-MM-YYYY'), TO_DATE('10-12-2023', 'DD-MM-YYYY'), 1);
INSERT INTO PLAN (CLAVE, FECHA_INICIO, COSTO, DESCRIPCION) VALUES ('ESTANDAR', TO_DATE('01-09-2021', 'DD-MM-YYYY'), 149.0, 'Plan Estándar (2 Pantallas HD)');
INSERT INTO PLAN_HISTORICO (COSTO, FECHA_INICIO, FECHA_FIN, PLAN_ID) VALUES (129.0, TO_DATE('01-09-2021', 'DD-MM-YYYY'), TO_DATE('21-04-2024', 'DD-MM-YYYY'), 2);
INSERT INTO PLAN (CLAVE, FECHA_INICIO, COSTO, DESCRIPCION) VALUES ('PREMIUM', TO_DATE('25-06-2021', 'DD-MM-YYYY'), 199.0, 'Plan Premium (4 Pantallas 4K)');
INSERT INTO PLAN_HISTORICO (COSTO, FECHA_INICIO, FECHA_FIN, PLAN_ID) VALUES (179.0, TO_DATE('25-06-2021', 'DD-MM-YYYY'), TO_DATE('04-09-2023', 'DD-MM-YYYY'), 3);
INSERT INTO PLAN (CLAVE, FECHA_INICIO, COSTO, DESCRIPCION) VALUES ('FAMILIAR', TO_DATE('08-08-2021', 'DD-MM-YYYY'), 249.0, 'Plan Familiar VIP');
INSERT INTO PLAN_HISTORICO (COSTO, FECHA_INICIO, FECHA_FIN, PLAN_ID) VALUES (229.0, TO_DATE('08-08-2021', 'DD-MM-YYYY'), TO_DATE('19-12-2023', 'DD-MM-YYYY'), 4);
INSERT INTO USUARIO (NOMBRE, APELLIDO_PATERNO, APELLIDO_MATERNO, USERNAME, PASSWORD, EMAIL, RFC) VALUES ('Federico', 'Heredia', 'Pacheco', 'fedheredia404', 'System2026*', 'gameznorma@yahoo.com', 'HEPF990908CZL');
INSERT INTO TARJETA_CUENTA (MES, ANIO, CVV, NUMERO, TIPO, USUARIO_ID) VALUES ('11', '2029', '064', '4546098299450598', 'Credito', 1);
INSERT INTO DISPOSITIVO (TIPO, IP, SO, NOMBRE, MARCA, USUARIO_ID) VALUES ('Smartphone', '117.97.28.159', 'Android', 'Disp de Federico', 'Esquibel, Zayas y Delgadillo', 1);
INSERT INTO USUARIO_SUSCRIPCION (FECHA_INICIO, STATUS, PLAN_ID, USUARIO_ID) VALUES (TO_DATE('15-12-2025', 'DD-MM-YYYY'), 'ACTIVO', 4, 1);
INSERT INTO CARGO (FECHA_CARGO, IMPORTE, TARJETA_ID) VALUES (TO_DATE('15-12-2025', 'DD-MM-YYYY'), 199.00, 1);
INSERT INTO USUARIO (NOMBRE, APELLIDO_PATERNO, APELLIDO_MATERNO, USERNAME, PASSWORD, EMAIL, RFC) VALUES ('Rosa', 'Robledo', 'Aragón', 'rosrobledo460', 'System2026*', 'lilianaarenas@gmail.com', 'ROAR040221TZH');
INSERT INTO TARJETA_CUENTA (MES, ANIO, CVV, NUMERO, TIPO, USUARIO_ID) VALUES ('08', '2027', '679', '2298935796174161', 'Debito', 2);
INSERT INTO DISPOSITIVO (TIPO, IP, SO, NOMBRE, MARCA, USUARIO_ID) VALUES ('Tablet', '36.83.31.87', 'Windows', 'Disp de Rosa', 'Soliz-Hernádez', 2);
INSERT INTO USUARIO_SUSCRIPCION (FECHA_INICIO, STATUS, PLAN_ID, USUARIO_ID) VALUES (TO_DATE('27-11-2025', 'DD-MM-YYYY'), 'ACTIVO', 4, 2);
INSERT INTO CARGO (FECHA_CARGO, IMPORTE, TARJETA_ID) VALUES (TO_DATE('27-11-2025', 'DD-MM-YYYY'), 199.00, 2);
INSERT INTO USUARIO (NOMBRE, APELLIDO_PATERNO, APELLIDO_MATERNO, USERNAME, PASSWORD, EMAIL, RFC) VALUES ('Eva', 'Dávila', 'Ibarra', 'evadavila845', 'System2026*', 'fchapa@yahoo.com', 'DAIE040830PPW');
INSERT INTO TARJETA_CUENTA (MES, ANIO, CVV, NUMERO, TIPO, USUARIO_ID) VALUES ('11', '2030', '193', '5127695719235669', 'Debito', 3);
INSERT INTO DISPOSITIVO (TIPO, IP, SO, NOMBRE, MARCA, USUARIO_ID) VALUES ('Tablet', '53.25.220.206', 'WebOS', 'Disp de Eva', 'Solorio S.A. de C.V.', 3);
INSERT INTO USUARIO_SUSCRIPCION (FECHA_INICIO, STATUS, PLAN_ID, USUARIO_ID) VALUES (TO_DATE('12-07-2025', 'DD-MM-YYYY'), 'ACTIVO', 4, 3);
INSERT INTO CARGO (FECHA_CARGO, IMPORTE, TARJETA_ID) VALUES (TO_DATE('12-07-2025', 'DD-MM-YYYY'), 199.00, 3);
INSERT INTO USUARIO (NOMBRE, APELLIDO_PATERNO, APELLIDO_MATERNO, USERNAME, PASSWORD, EMAIL, RFC) VALUES ('Rodolfo', 'Perales', 'Rosado', 'rodperales411', 'System2026*', 'kfierro@yahoo.com', 'PERR710123BVP');
INSERT INTO TARJETA_CUENTA (MES, ANIO, CVV, NUMERO, TIPO, USUARIO_ID) VALUES ('07', '2027', '932', '4580587573712722', 'Credito', 4);
INSERT INTO DISPOSITIVO (TIPO, IP, SO, NOMBRE, MARCA, USUARIO_ID) VALUES ('Smartphone', '167.64.205.52', 'Windows', 'Disp de Rodolfo', 'Molina e Hijos', 4);
INSERT INTO USUARIO_SUSCRIPCION (FECHA_INICIO, STATUS, PLAN_ID, USUARIO_ID) VALUES (TO_DATE('04-01-2026', 'DD-MM-YYYY'), 'ACTIVO', 1, 4);
INSERT INTO CARGO (FECHA_CARGO, IMPORTE, TARJETA_ID) VALUES (TO_DATE('04-01-2026', 'DD-MM-YYYY'), 199.00, 4);
INSERT INTO USUARIO (NOMBRE, APELLIDO_PATERNO, APELLIDO_MATERNO, USERNAME, PASSWORD, EMAIL, RFC) VALUES ('Natalia', 'Magaña', 'Vergara', 'natmagana496', 'System2026*', 'amandahernadez@yahoo.com', 'MAVN710112NGU');
INSERT INTO TARJETA_CUENTA (MES, ANIO, CVV, NUMERO, TIPO, USUARIO_ID) VALUES ('07', '2027', '700', '349500435326342', 'Debito', 5);
INSERT INTO DISPOSITIVO (TIPO, IP, SO, NOMBRE, MARCA, USUARIO_ID) VALUES ('Smart TV', '8.106.221.13', 'WebOS', 'Disp de Natalia', 'Domínguez y Villagómez A.C.', 5);
INSERT INTO USUARIO_SUSCRIPCION (FECHA_INICIO, STATUS, PLAN_ID, USUARIO_ID) VALUES (TO_DATE('04-10-2025', 'DD-MM-YYYY'), 'ACTIVO', 3, 5);
INSERT INTO CARGO (FECHA_CARGO, IMPORTE, TARJETA_ID) VALUES (TO_DATE('04-10-2025', 'DD-MM-YYYY'), 199.00, 5);
INSERT INTO USUARIO (NOMBRE, APELLIDO_PATERNO, APELLIDO_MATERNO, USERNAME, PASSWORD, EMAIL, RFC) VALUES ('Sofía', 'Candelaria', 'Roque', 'sofcandelaria809', 'System2026*', 'oswaldo44@yahoo.com', 'CARS660629GBH');
INSERT INTO TARJETA_CUENTA (MES, ANIO, CVV, NUMERO, TIPO, USUARIO_ID) VALUES ('08', '2029', '943', '30086111708528', 'Debito', 6);
INSERT INTO DISPOSITIVO (TIPO, IP, SO, NOMBRE, MARCA, USUARIO_ID) VALUES ('Smartphone', '115.120.204.250', 'iOS', 'Disp de Sofia', 'Saiz-Ocasio S.A. de C.V.', 6);
INSERT INTO USUARIO_SUSCRIPCION (FECHA_INICIO, STATUS, PLAN_ID, USUARIO_ID) VALUES (TO_DATE('04-07-2025', 'DD-MM-YYYY'), 'ACTIVO', 1, 6);
INSERT INTO CARGO (FECHA_CARGO, IMPORTE, TARJETA_ID) VALUES (TO_DATE('04-07-2025', 'DD-MM-YYYY'), 199.00, 6);
INSERT INTO VIP_OPERACION (FOLIO, TIPO_OPERACION, FECHA_COMPRA, PERIODO_RENTA, CARGO_ID, USUARIO_ID) VALUES ('OROKHMBX', 'RENTA', TO_DATE('04-07-2025', 'DD-MM-YYYY'), 30, 6, 6);
INSERT INTO USUARIO (NOMBRE, APELLIDO_PATERNO, APELLIDO_MATERNO, USERNAME, PASSWORD, EMAIL, RFC) VALUES ('Timoteo', 'Montañez', 'Calderón', 'timmontanez633', 'System2026*', 'ballesterosramon@hotmail.com', 'MOCT950217IZC');
INSERT INTO TARJETA_CUENTA (MES, ANIO, CVV, NUMERO, TIPO, USUARIO_ID) VALUES ('10', '2026', '228', '4968969684525', 'Credito', 7);
INSERT INTO DISPOSITIVO (TIPO, IP, SO, NOMBRE, MARCA, USUARIO_ID) VALUES ('Tablet', '104.51.86.154', 'Windows', 'Disp de Timoteo', 'Despacho Mena y Armas', 7);
INSERT INTO USUARIO_SUSCRIPCION (FECHA_INICIO, STATUS, PLAN_ID, USUARIO_ID) VALUES (TO_DATE('22-02-2026', 'DD-MM-YYYY'), 'ACTIVO', 4, 7);
INSERT INTO CARGO (FECHA_CARGO, IMPORTE, TARJETA_ID) VALUES (TO_DATE('22-02-2026', 'DD-MM-YYYY'), 199.00, 7);
INSERT INTO USUARIO (NOMBRE, APELLIDO_PATERNO, APELLIDO_MATERNO, USERNAME, PASSWORD, EMAIL, RFC) VALUES ('Karla', 'Caldera', 'Solano', 'karcaldera169', 'System2026*', 'elisa72@hotmail.com', 'CASK651127PYM');
INSERT INTO TARJETA_CUENTA (MES, ANIO, CVV, NUMERO, TIPO, USUARIO_ID) VALUES ('02', '2029', '619', '30094055230277', 'Credito', 8);
INSERT INTO DISPOSITIVO (TIPO, IP, SO, NOMBRE, MARCA, USUARIO_ID) VALUES ('Smartphone', '95.217.143.228', 'WebOS', 'Disp de Karla', 'de León y Arguello S.C.', 8);
INSERT INTO USUARIO_SUSCRIPCION (FECHA_INICIO, STATUS, PLAN_ID, USUARIO_ID) VALUES (TO_DATE('06-08-2025', 'DD-MM-YYYY'), 'ACTIVO', 2, 8);
INSERT INTO CARGO (FECHA_CARGO, IMPORTE, TARJETA_ID) VALUES (TO_DATE('06-08-2025', 'DD-MM-YYYY'), 199.00, 8);
INSERT INTO VIP_OPERACION (FOLIO, TIPO_OPERACION, FECHA_COMPRA, PERIODO_RENTA, CARGO_ID, USUARIO_ID) VALUES ('NJFNMAEW', 'RENTA', TO_DATE('06-08-2025', 'DD-MM-YYYY'), 30, 8, 8);
INSERT INTO USUARIO (NOMBRE, APELLIDO_PATERNO, APELLIDO_MATERNO, USERNAME, PASSWORD, EMAIL, RFC) VALUES ('Daniela', 'Arriaga', 'Hernandes', 'danarriaga318', 'System2026*', 'dolores88@yahoo.com', 'ARHD070416YFU');
INSERT INTO TARJETA_CUENTA (MES, ANIO, CVV, NUMERO, TIPO, USUARIO_ID) VALUES ('09', '2028', '986', '3588407790403035', 'Debito', 9);
INSERT INTO DISPOSITIVO (TIPO, IP, SO, NOMBRE, MARCA, USUARIO_ID) VALUES ('Smart TV', '145.152.92.109', 'Android', 'Disp de Daniela', 'Corporacin Mayorga y Mascareña', 9);
INSERT INTO USUARIO_SUSCRIPCION (FECHA_INICIO, STATUS, PLAN_ID, USUARIO_ID) VALUES (TO_DATE('25-09-2025', 'DD-MM-YYYY'), 'ACTIVO', 1, 9);
INSERT INTO CARGO (FECHA_CARGO, IMPORTE, TARJETA_ID) VALUES (TO_DATE('25-09-2025', 'DD-MM-YYYY'), 199.00, 9);
INSERT INTO USUARIO (NOMBRE, APELLIDO_PATERNO, APELLIDO_MATERNO, USERNAME, PASSWORD, EMAIL, RFC) VALUES ('Hugo', 'Morales', 'Pérez', 'hugmorales966', 'System2026*', 'mercedesocampo@yahoo.com', 'MOPH710612UVU');
INSERT INTO TARJETA_CUENTA (MES, ANIO, CVV, NUMERO, TIPO, USUARIO_ID) VALUES ('10', '2029', '964', '3582317783286394', 'Credito', 10);
INSERT INTO DISPOSITIVO (TIPO, IP, SO, NOMBRE, MARCA, USUARIO_ID) VALUES ('Smart TV', '148.109.198.40', 'WebOS', 'Disp de Hugo', 'Muñiz, Gamboa y Loera', 10);
INSERT INTO USUARIO_SUSCRIPCION (FECHA_INICIO, STATUS, PLAN_ID, USUARIO_ID) VALUES (TO_DATE('21-01-2026', 'DD-MM-YYYY'), 'ACTIVO', 1, 10);
INSERT INTO CARGO (FECHA_CARGO, IMPORTE, TARJETA_ID) VALUES (TO_DATE('21-01-2026', 'DD-MM-YYYY'), 199.00, 10);
INSERT INTO USUARIO (NOMBRE, APELLIDO_PATERNO, APELLIDO_MATERNO, USERNAME, PASSWORD, EMAIL, RFC) VALUES ('Héctor', 'Escamilla', 'Pacheco', 'hecescamilla827', 'System2026*', 'salcaraz@yahoo.com', 'ESPH860227WFL');
INSERT INTO TARJETA_CUENTA (MES, ANIO, CVV, NUMERO, TIPO, USUARIO_ID) VALUES ('12', '2028', '634', '5201903533488053', 'Credito', 11);
INSERT INTO DISPOSITIVO (TIPO, IP, SO, NOMBRE, MARCA, USUARIO_ID) VALUES ('Laptop', '69.253.28.225', 'WebOS', 'Disp de Hector', 'Laboratorios Orosco y Henríque', 11);
INSERT INTO USUARIO_SUSCRIPCION (FECHA_INICIO, STATUS, PLAN_ID, USUARIO_ID) VALUES (TO_DATE('20-11-2025', 'DD-MM-YYYY'), 'ACTIVO', 4, 11);
INSERT INTO CARGO (FECHA_CARGO, IMPORTE, TARJETA_ID) VALUES (TO_DATE('20-11-2025', 'DD-MM-YYYY'), 199.00, 11);
INSERT INTO USUARIO (NOMBRE, APELLIDO_PATERNO, APELLIDO_MATERNO, USERNAME, PASSWORD, EMAIL, RFC) VALUES ('María', 'Prado', 'Malave', 'marprado731', 'System2026*', 'aespino@yahoo.com', 'PRMM820911TGL');
INSERT INTO TARJETA_CUENTA (MES, ANIO, CVV, NUMERO, TIPO, USUARIO_ID) VALUES ('09', '2029', '312', '4292607896643', 'Credito', 12);
INSERT INTO DISPOSITIVO (TIPO, IP, SO, NOMBRE, MARCA, USUARIO_ID) VALUES ('Tablet', '149.83.144.61', 'iOS', 'Disp de Maria', 'Zarate S.A. de C.V.', 12);
INSERT INTO USUARIO_SUSCRIPCION (FECHA_INICIO, STATUS, PLAN_ID, USUARIO_ID) VALUES (TO_DATE('15-09-2025', 'DD-MM-YYYY'), 'ACTIVO', 2, 12);
INSERT INTO CARGO (FECHA_CARGO, IMPORTE, TARJETA_ID) VALUES (TO_DATE('15-09-2025', 'DD-MM-YYYY'), 199.00, 12);
INSERT INTO USUARIO (NOMBRE, APELLIDO_PATERNO, APELLIDO_MATERNO, USERNAME, PASSWORD, EMAIL, RFC) VALUES ('Ivonne', 'Camacho', 'Nevárez', 'ivocamacho165', 'System2026*', 'ana-luisaelizondo@gmail.com', 'CANI720613VRY');
INSERT INTO TARJETA_CUENTA (MES, ANIO, CVV, NUMERO, TIPO, USUARIO_ID) VALUES ('01', '2029', '190', '3568256591018797', 'Credito', 13);
INSERT INTO DISPOSITIVO (TIPO, IP, SO, NOMBRE, MARCA, USUARIO_ID) VALUES ('Smart TV', '174.198.219.205', 'Android', 'Disp de Ivonne', 'Apodaca-Gamez', 13);
INSERT INTO USUARIO_SUSCRIPCION (FECHA_INICIO, STATUS, PLAN_ID, USUARIO_ID) VALUES (TO_DATE('27-12-2025', 'DD-MM-YYYY'), 'ACTIVO', 3, 13);
INSERT INTO CARGO (FECHA_CARGO, IMPORTE, TARJETA_ID) VALUES (TO_DATE('27-12-2025', 'DD-MM-YYYY'), 199.00, 13);
INSERT INTO USUARIO (NOMBRE, APELLIDO_PATERNO, APELLIDO_MATERNO, USERNAME, PASSWORD, EMAIL, RFC) VALUES ('Luisa', 'Carrillo', 'Covarrubias', 'luicarrillo976', 'System2026*', 'marcela89@yahoo.com', 'CACL660405HYA');
INSERT INTO TARJETA_CUENTA (MES, ANIO, CVV, NUMERO, TIPO, USUARIO_ID) VALUES ('08', '2030', '692', '349361351174210', 'Debito', 14);
INSERT INTO DISPOSITIVO (TIPO, IP, SO, NOMBRE, MARCA, USUARIO_ID) VALUES ('Laptop', '190.231.168.102', 'Android', 'Disp de Luisa', 'Laboratorios Franco y Bustos', 14);
INSERT INTO USUARIO_SUSCRIPCION (FECHA_INICIO, STATUS, PLAN_ID, USUARIO_ID) VALUES (TO_DATE('11-08-2025', 'DD-MM-YYYY'), 'ACTIVO', 2, 14);
INSERT INTO CARGO (FECHA_CARGO, IMPORTE, TARJETA_ID) VALUES (TO_DATE('11-08-2025', 'DD-MM-YYYY'), 199.00, 14);
INSERT INTO USUARIO (NOMBRE, APELLIDO_PATERNO, APELLIDO_MATERNO, USERNAME, PASSWORD, EMAIL, RFC) VALUES ('Abraham', 'Rosales', 'Figueroa', 'abrrosales571', 'System2026*', 'ssevilla@hotmail.com', 'ROFA760627KAN');
INSERT INTO TARJETA_CUENTA (MES, ANIO, CVV, NUMERO, TIPO, USUARIO_ID) VALUES ('02', '2029', '402', '4116300645512', 'Credito', 15);
INSERT INTO DISPOSITIVO (TIPO, IP, SO, NOMBRE, MARCA, USUARIO_ID) VALUES ('Smartphone', '149.102.130.147', 'iOS', 'Disp de Abraham', 'Vaca-Martínez', 15);
INSERT INTO USUARIO_SUSCRIPCION (FECHA_INICIO, STATUS, PLAN_ID, USUARIO_ID) VALUES (TO_DATE('10-02-2026', 'DD-MM-YYYY'), 'ACTIVO', 4, 15);
INSERT INTO CARGO (FECHA_CARGO, IMPORTE, TARJETA_ID) VALUES (TO_DATE('10-02-2026', 'DD-MM-YYYY'), 199.00, 15);
INSERT INTO USUARIO (NOMBRE, APELLIDO_PATERNO, APELLIDO_MATERNO, USERNAME, PASSWORD, EMAIL, RFC) VALUES ('Beatriz', 'Ceja', 'Samaniego', 'beaceja462', 'System2026*', 'antonio34@gmail.com', 'CESB651022XOQ');
INSERT INTO TARJETA_CUENTA (MES, ANIO, CVV, NUMERO, TIPO, USUARIO_ID) VALUES ('08', '2030', '495', '060478500741', 'Credito', 16);
INSERT INTO DISPOSITIVO (TIPO, IP, SO, NOMBRE, MARCA, USUARIO_ID) VALUES ('Smartphone', '130.39.77.111', 'WebOS', 'Disp de Beatriz', 'Espino y Navarrete S.A. de C.V', 16);
INSERT INTO USUARIO_SUSCRIPCION (FECHA_INICIO, STATUS, PLAN_ID, USUARIO_ID) VALUES (TO_DATE('15-02-2026', 'DD-MM-YYYY'), 'ACTIVO', 2, 16);
INSERT INTO CARGO (FECHA_CARGO, IMPORTE, TARJETA_ID) VALUES (TO_DATE('15-02-2026', 'DD-MM-YYYY'), 199.00, 16);
INSERT INTO USUARIO (NOMBRE, APELLIDO_PATERNO, APELLIDO_MATERNO, USERNAME, PASSWORD, EMAIL, RFC) VALUES ('Adela', 'Bonilla', 'Palomino', 'adebonilla544', 'System2026*', 'eescamilla@yahoo.com', 'BOPA040926OLB');
INSERT INTO TARJETA_CUENTA (MES, ANIO, CVV, NUMERO, TIPO, USUARIO_ID) VALUES ('08', '2026', '144', '2452801132982000', 'Debito', 17);
INSERT INTO DISPOSITIVO (TIPO, IP, SO, NOMBRE, MARCA, USUARIO_ID) VALUES ('Tablet', '138.199.109.36', 'Windows', 'Disp de Adela', 'Grupo Mayorga-Espino', 17);
INSERT INTO USUARIO_SUSCRIPCION (FECHA_INICIO, STATUS, PLAN_ID, USUARIO_ID) VALUES (TO_DATE('15-02-2026', 'DD-MM-YYYY'), 'ACTIVO', 1, 17);
INSERT INTO CARGO (FECHA_CARGO, IMPORTE, TARJETA_ID) VALUES (TO_DATE('15-02-2026', 'DD-MM-YYYY'), 199.00, 17);
INSERT INTO USUARIO (NOMBRE, APELLIDO_PATERNO, APELLIDO_MATERNO, USERNAME, PASSWORD, EMAIL, RFC) VALUES ('Caridad', 'Moya', 'Olivo', 'carmoya103', 'System2026*', 'wtamez@hotmail.com', 'MOOC870328ZOV');
INSERT INTO TARJETA_CUENTA (MES, ANIO, CVV, NUMERO, TIPO, USUARIO_ID) VALUES ('01', '2029', '109', '4477610298307801', 'Credito', 18);
INSERT INTO DISPOSITIVO (TIPO, IP, SO, NOMBRE, MARCA, USUARIO_ID) VALUES ('Laptop', '215.84.242.65', 'Android', 'Disp de Caridad', 'Proyectos Cruz-Rodríguez', 18);
INSERT INTO USUARIO_SUSCRIPCION (FECHA_INICIO, STATUS, PLAN_ID, USUARIO_ID) VALUES (TO_DATE('21-09-2025', 'DD-MM-YYYY'), 'ACTIVO', 4, 18);
INSERT INTO CARGO (FECHA_CARGO, IMPORTE, TARJETA_ID) VALUES (TO_DATE('21-09-2025', 'DD-MM-YYYY'), 199.00, 18);
INSERT INTO USUARIO (NOMBRE, APELLIDO_PATERNO, APELLIDO_MATERNO, USERNAME, PASSWORD, EMAIL, RFC) VALUES ('José Emilio', 'Colón', 'Roque', 'joscolon681', 'System2026*', 'hernanvanegas@gmail.com', 'CORJ950315HIO');
INSERT INTO TARJETA_CUENTA (MES, ANIO, CVV, NUMERO, TIPO, USUARIO_ID) VALUES ('03', '2026', '174', '2418773763635350', 'Debito', 19);
INSERT INTO DISPOSITIVO (TIPO, IP, SO, NOMBRE, MARCA, USUARIO_ID) VALUES ('Smartphone', '48.183.48.226', 'Windows', 'Disp de Jose Emilio', 'Proyectos Saldivar-Bueno', 19);
INSERT INTO USUARIO_SUSCRIPCION (FECHA_INICIO, STATUS, PLAN_ID, USUARIO_ID) VALUES (TO_DATE('16-04-2026', 'DD-MM-YYYY'), 'ACTIVO', 1, 19);
INSERT INTO CARGO (FECHA_CARGO, IMPORTE, TARJETA_ID) VALUES (TO_DATE('16-04-2026', 'DD-MM-YYYY'), 199.00, 19);
INSERT INTO USUARIO (NOMBRE, APELLIDO_PATERNO, APELLIDO_MATERNO, USERNAME, PASSWORD, EMAIL, RFC) VALUES ('Hermelinda', 'Manzanares', 'Esquibel', 'hermanzanares692', 'System2026*', 'xrojas@hotmail.com', 'MAEH690208AAM');
INSERT INTO TARJETA_CUENTA (MES, ANIO, CVV, NUMERO, TIPO, USUARIO_ID) VALUES ('03', '2029', '623', '4146291603329279', 'Debito', 20);
INSERT INTO DISPOSITIVO (TIPO, IP, SO, NOMBRE, MARCA, USUARIO_ID) VALUES ('Smart TV', '52.158.24.19', 'Android', 'Disp de Hermelinda', 'Proyectos Saiz-Cantú', 20);
INSERT INTO USUARIO_SUSCRIPCION (FECHA_INICIO, STATUS, PLAN_ID, USUARIO_ID) VALUES (TO_DATE('28-12-2025', 'DD-MM-YYYY'), 'ACTIVO', 4, 20);
INSERT INTO CARGO (FECHA_CARGO, IMPORTE, TARJETA_ID) VALUES (TO_DATE('28-12-2025', 'DD-MM-YYYY'), 199.00, 20);

